{
  "name": "Example - Lumberton Deterministic Flood - riverine flooding",
  "description": "Lumberton dataset based deterministic hazard - 2 datasets",
  "floodType": "dataset",
  "hazardDatasets": [
    {
      "hazardType": "deterministic",
      "demandType": "inundationDepth",
      "demandUnits": "ft",
      "floodParameters": {
        "model": "riverine flooding"
      }
    },
    {
      "hazardType": "deterministic",
      "demandType": "waterSurfaceElevation",
      "demandUnits": "ft",
      "floodParameters": {
        "model": "riverine flooding"
      }
    }
  ]
}
