GEO_ID,factor_white_nonHispanic,factor_owner_occupied,factor_earning_higher_than_national_poverty_rate,factor_over_25_with_high_school_diploma_or_higher,factor_without_disability_age_18_to_65,FIPS,R1,R2,R3,R4,R5,SVS,zone
1500000US481677201001,0.8268733850129198,0.8571428571428571,0.8363479758828596,0.9850136239782016,0.07540394973070018,481677201001,1.3894394716743916,1.3301955977092086,0.9629649739460069,1.114086885049534,0.13704128010710248,0.9867456416972489,Medium Vulnerable (zone3)
1500000US481677201002,0.6767411300919842,0.889261744966443,0.8948751642575559,0.9292730844793713,0.1762295081967213,481677201002,1.1371642325150486,1.3800407347598334,1.0303527527815788,1.0510422707319897,0.32028451403641794,0.9837769009649737,Medium Vulnerable (zone3)
1500000US481677201003,0.5173228346456693,0.8099547511312217,0.984251968503937,0.9809885931558935,0.056363636363636366,481677201003,0.8692851639479802,1.2569646183481435,1.1332605548619756,1.1095344261373994,0.102436873749322,0.894296327408964,Medium to High Vulnerable (zone4)
1500000US481677201004,0.5616786774056803,1.0,1.0,0.919908466819222,0.061051004636785165,481677201004,0.9438186534122458,1.5518948639940766,1.1513927237397672,1.0404505413744407,0.1109558299947161,0.9597025225030494,Medium Vulnerable (zone3)
1500000US481677202001,0.7015477792732167,0.9731127197518097,0.9872139973082099,0.9736008447729673,0.0627177700348432,481677202001,1.1788481688432748,1.5101686318701408,1.136671013274723,1.1011786091384193,0.1139850567740011,1.0081702959801118,Medium Vulnerable (zone3)
1500000US481677202002,0.906392694063927,0.4918032786885246,0.9558599695585996,1.0,0.048109965635738834,481677202002,1.5230600099071194,0.7632269822921689,1.100570213863887,1.131037031295101,0.08743641812102644,0.9210661310958604,Medium to High Vulnerable (zone4)
1500000US481677202003,0.8831683168316832,0.2336065573770492,0.9016018306636155,0.89501312335958,0.13524590163934427,481677202003,1.484034849566481,0.3625328165887802,1.0380977875365407,1.0122929860147754,0.24579974333027427,0.8285516366073704,Medium to High Vulnerable (zone4)
1500000US481677203011,0.6856735566642908,0.6388308977035491,0.9087669280114041,0.895808383233533,0.17105263157894737,481677203011,1.1521738655282117,0.9913983891068632,1.0463476284876716,1.0131924543817192,0.3108759114209051,0.902797649785074,Medium to High Vulnerable (zone4)
1500000US481677203012,0.8530852105778648,0.8546511627906976,0.9441723800195887,0.992603550295858,0.07924528301886792,481677203012,1.433484600861866,1.3263287500414491,1.0871132083106128,1.1226713727796047,0.14402262833897372,1.0227241120665012,Medium Vulnerable (zone3)
1500000US481677203021,0.609904761904762,0.5933412604042806,0.9787489975942262,0.9715976331360947,0.04078164825828377,481677203021,1.0248555165908588,0.920803254617175,1.126924474197583,1.0989129025955953,0.07411772595669967,0.8491227747915822,Medium to High Vulnerable (zone4)
1500000US481677203022,0.7631359466221852,0.9513212795549374,0.9829024186822352,0.947766323024055,0.05682859761686526,481677203022,1.282338052849407,1.4763506077495805,1.131706693016944,1.0719588083546008,0.1032819075382715,1.0131272139017606,Medium Vulnerable (zone3)
1500000US481677203023,0.7941810344827587,0.884310618066561,0.9816810344827587,0.9905933429811867,0.10891089108910891,481677203023,1.3345047705802071,1.3723571063529236,1.1303004001367758,1.1203977538661312,0.19793774710424725,1.031099555608057,Medium Vulnerable (zone3)
1500000US481677204001,0.6711380354824751,1.0,0.9878048780487805,1.0,0.10154125113327289,481677204001,1.1277490536556438,1.5518948639940766,1.137351349060014,1.131037031295101,0.1845439541121936,1.0265152504234059,Medium Vulnerable (zone3)
1500000US481677204002,0.9443430656934306,0.8898550724637682,1.0,1.0,0.05789473684210526,481677204002,1.5868300444280885,1.3809615166555989,1.1513927237397672,1.131037031295101,0.10521953925015248,1.0710881710737414,Medium Vulnerable (zone3)
1500000US481677204003,0.8829144129812281,1.0,0.9748647788736876,0.9892167990919409,0.14836363636363636,481677204003,1.4836082013779837,1.5518948639940766,1.1224522130253412,1.1188408317521912,0.26964028703047344,1.1092872794360131,Medium to Low Vulnerable (zone2)
1500000US481677204004,0.7785204991087344,1.0,0.9910873440285205,0.9792243767313019,0.052060737527114966,481677204004,1.3081895373285257,1.5518948639940766,1.14113075650501,1.1075390320299672,0.0946166631789973,1.0406741706073155,Medium Vulnerable (zone3)
1500000US481677205011,0.48462354188759277,0.5714285714285714,0.8069989395546129,0.8981324278438031,0.11518324607329843,481677205011,0.814338797457785,0.8867970651394723,0.9291727070688895,1.0158210348983165,0.20933730322019867,0.7710933815569325,Medium to High Vulnerable (zone4)
1500000US481677205012,0.9207317073170732,0.9084967320261438,0.9317073170731707,0.9608763693270735,0.13279132791327913,481677205012,1.5471546190212733,1.4098914123867756,1.072761025533149,1.0867867562053082,0.2413387313177925,1.0715865088928598,Medium Vulnerable (zone3)
1500000US481677205013,0.900131406044678,1.0,0.9894875164257556,0.98125,0.02711864406779661,481677205013,1.5125388335394334,1.5518948639940766,1.1392887266439484,1.1098300869583178,0.04928619404013306,1.0725677410351817,Medium Vulnerable (zone3)
1500000US481677205014,0.6243589743589744,0.9788732394366197,0.9564102564102565,0.9762150982419855,0.03242147922998987,481677205014,1.049143701069715,1.5191083527829343,1.1012038101408543,1.1041354266210706,0.05892371729215503,0.9665030015813458,Medium Vulnerable (zone3)
1500000US481677205041,0.7647058823529411,1.0,1.0,1.0,0.0,481677205041,1.284976099631225,1.5518948639940766,1.1513927237397672,1.131037031295101,0.0,1.0238601437320338,Medium Vulnerable (zone3)
1500000US481677205042,0.4221411192214112,1.0,1.0,1.0,0.13333333333333333,481677205042,0.7093462485237316,1.5518948639940766,1.1513927237397672,1.131037031295101,0.24232378736398755,0.9571989309833328,Medium Vulnerable (zone3)
1500000US481677205051,0.6885521885521886,1.0,0.8866442199775533,1.0,0.20398009950248755,481677205051,1.1570109842962844,1.5518948639940766,1.0208757034280764,1.131037031295101,0.37071922693744364,1.0463075619901965,Medium Vulnerable (zone3)
1500000US481677205052,0.7573474001507159,0.8781094527363185,0.9359457422758101,1.0,0.05405405405405406,481677205052,1.2726112493304433,1.3627335497261421,1.0776411174715832,1.131037031295101,0.09823937325567063,0.9884524642157879,Medium Vulnerable (zone3)
1500000US481677205053,0.6576433121019108,0.8661971830985915,1.0,0.9924528301886792,0.10570469798657718,481677205053,1.1050731498665889,1.344246959656841,1.1513927237397672,1.1225009027570247,0.1921107206870539,0.9830648913414551,Medium Vulnerable (zone3)
1500000US481677205061,0.6386241193535018,1.0,0.9422594142259414,0.9673590504451038,0.028827674567584883,481677205061,1.0731141854072237,1.5518948639940766,1.0849106334150442,1.094118908611878,0.05239223461585253,0.9712861652088149,Medium Vulnerable (zone3)
1500000US481677205062,0.7598225602027884,1.0,1.0,0.9753340184994861,0.0,481677205062,1.2767703928430956,1.5518948639940766,1.1513927237397672,1.1031388928047798,0.0,1.0166393746763438,Medium Vulnerable (zone3)
1500000US481677205063,0.7557647058823529,0.8442748091603054,1.0,1.0,0.018442622950819672,481677205063,1.2699517636970752,1.3102257401354571,1.1513927237397672,1.131037031295101,0.03351814681776467,0.979225081137033,Medium Vulnerable (zone3)
1500000US481677205071,0.8027166882276844,1.0,1.0,1.0,0.02242152466367713,481677205071,1.3488476850393052,1.5518948639940766,1.1513927237397672,1.131037031295101,0.040749515812329745,1.0447843639761158,Medium Vulnerable (zone3)
1500000US481677205072,0.6152284263959391,1.0,0.8735751295336788,0.8078175895765473,0.24660633484162897,481677205072,1.033801154111744,1.5518948639940766,1.0058280477851025,0.9136716083426223,0.4481893578508141,0.9906770064168718,Medium Vulnerable (zone3)
1500000US481677205073,0.6203995793901157,1.0,1.0,1.0,0.09298245614035087,481677205073,1.0424905184260445,1.5518948639940766,1.1513927237397672,1.131037031295101,0.16898895697751762,1.0091608188865013,Medium Vulnerable (zone3)
1500000US481677205081,0.4146341463414634,0.7506631299734748,1.0,0.8471986417657046,0.02,481677205081,0.6967318814135535,1.1649502559955536,1.1513927237397672,0.9582130366999243,0.036348568104598133,0.8015272931906793,Medium to High Vulnerable (zone4)
1500000US481677205082,0.7554824561403509,1.0,1.0,1.0,0.11187214611872145,481677205082,1.269477484394445,1.5518948639940766,1.1513927237397672,1.131037031295101,0.20331961611019503,1.061424343906717,Medium Vulnerable (zone3)
1500000US481677205091,0.9052258635961028,0.9313984168865436,0.9937998228520815,0.8829479768786127,0.10440835266821345,481677205091,1.5210993224087284,1.445432419498441,1.1442538848857562,0.9986468585568016,0.18975470588247284,1.05983743824644,Medium Vulnerable (zone3)
1500000US481677205092,0.5091610414657667,0.9271070615034168,0.8948891031822566,0.8867647058823529,0.17315175097276264,481677205092,0.8555704673458852,1.4387726871197932,1.030368801958056,1.0029637203984498,0.31469091063319393,0.9284733174910758,Medium Vulnerable (zone3)
1500000US481677205093,0.6010362694300518,0.04961832061068702,0.7409326424870466,1.0,0.0,481677205093,1.0099533154534779,0.07700241691573663,0.8531044533408638,1.131037031295101,0.0,0.6142194434010358,High Vulnerable (zone5)
1500000US481677205101,0.43573667711598746,0.6978021978021978,1.0,0.6973293768545994,0.05714285714285714,481677205101,0.7321915899273173,1.0829156468530095,1.1513927237397672,0.7887053482324888,0.10385305172742323,0.7718116720960012,Medium to High Vulnerable (zone4)
1500000US481677205102,0.5825067628494139,0.6140776699029126,0.9053201082055906,0.9835294117647059,0.1732142857142857,481677205102,0.9788171967919896,0.95298398201578,1.0423789852432157,1.1124081860737698,0.31480456304875165,0.8802785826347013,Medium to High Vulnerable (zone4)
1500000US481677205103,0.6187290969899666,0.5523114355231143,0.8191780821917808,0.9908735332464146,0.28703703703703703,481677205103,1.0396835177103687,0.8571292801135169,0.9431956832827134,1.1207146594319124,0.5216692644641399,0.8964784810005302,Medium to High Vulnerable (zone4)
1500000US481677205111,0.4699806326662363,0.96900826446281,0.9264041316978696,0.8649173955296404,0.18723404255319148,481677205111,0.7897335357320376,1.5037989487876489,1.0666549764793842,0.9782536033553352,0.34028446736219525,0.9357451063433203,Medium Vulnerable (zone3)
1500000US481677205112,0.8037542662116041,1.0,0.9530716723549488,1.0,0.07606679035250463,481677205112,1.3505911826919426,1.5518948639940766,1.0973597887519795,1.131037031295101,0.13824594548131014,1.053825762442882,Medium Vulnerable (zone3)
1500000US481677205121,0.5679579776756402,1.0,0.9566644780039396,1.0,0.033468559837728194,481677205121,0.954370096725954,1.5518948639940766,1.1014965190340387,1.131037031295101,0.060826711331224054,0.9599250444760787,Medium Vulnerable (zone3)
1500000US481677205122,0.7527131782945736,0.9178082191780822,0.9733124018838305,1.0,0.056962025316455694,481677205122,1.2648241190585945,1.4243418614740155,1.1206648174547185,1.131037031295101,0.10352440282955164,1.008878446422396,Medium Vulnerable (zone3)
1500000US481677206011,0.7438882421420256,0.6990521327014217,1.0,0.8531889290012034,0.06349206349206349,481677206011,1.249995107933554,1.0848554144034421,1.1513927237397672,0.9649882733913677,0.11539227969713692,0.9133247598330534,Medium to High Vulnerable (zone4)
1500000US481677206012,0.7473684210526316,0.7019730010384216,0.974937343358396,0.985837922895358,0.28597957288765086,481677206012,1.2558430382630676,1.0893882949740352,1.1225357632450363,1.1150191976496944,0.5197473990815331,1.0205067386426732,Medium Vulnerable (zone3)
1500000US481677206021,0.38285714285714284,0.671280276816609,0.947936507936508,0.9371428571428572,0.08436213991769548,481677206021,0.6433352868043803,1.0417564138922175,1.0914471978053795,1.0599432750422662,0.15332214941239952,0.7979608645913285,Medium to High Vulnerable (zone4)
1500000US481677206022,0.6124785346307956,0.9720670391061452,0.9004006868918145,0.9723101265822784,0.29172320217096337,481677206022,1.0291803642416442,1.5085458454467562,1.0367147993375236,1.0997187590677842,0.5301860340901355,1.0408691604367688,Medium Vulnerable (zone3)
1500000US481677206031,0.4020408163265306,0.7479892761394102,1.0,1.0,0.18726591760299627,481677206031,0.675570636996071,1.160800715963398,1.1513927237397672,1.131037031295101,0.3403423979831286,0.8918287011954933,Medium to High Vulnerable (zone4)
1500000US481677206032,0.6405919661733616,0.4297297297297297,0.9016913319238901,0.9492063492063492,0.3173913043478261,481677206032,1.0764208634250187,0.6668953604731302,1.0382008386363863,1.07358753129281,0.5768359720947095,0.886388113184411,Medium to High Vulnerable (zone4)
1500000US481677206033,0.49663299663299665,0.9736842105263158,0.994895065229722,0.9429695181907571,0.05545454545454546,481677206033,0.834518925103677,1.5110555254679168,1.1455149389901031,1.0665334444562458,0.10078466610820391,0.9316815000252294,Medium Vulnerable (zone3)
1500000US481677206041,0.610105580693816,1.0,0.9713622291021672,1.0,0.047073791348600506,481677206041,1.025192963118009,1.5518948639940766,1.118419402703876,1.131037031295101,0.0855532455388124,0.982419501329975,Medium Vulnerable (zone3)
1500000US481677206042,0.7141104294478527,1.0,1.0,0.9379562043795621,0.2762312633832976,481677206042,1.1999578602879981,1.5518948639940766,1.1513927237397672,1.0608632008862808,0.5020305444853489,1.0932278386786944,Medium to Low Vulnerable (zone2)
1500000US481677206051,0.7145110410094637,1.0,0.9771293375394322,1.0,0.05991735537190083,481677206051,1.200631029272029,1.5518948639940766,1.1250596093955612,1.131037031295101,0.1088955036191473,1.023503607515183,Medium Vulnerable (zone3)
1500000US481677207011,0.21138211382113822,0.5962264150943396,1.0,0.7662538699690402,0.30414746543778803,481677207011,0.3551966454265175,0.9252807113625061,1.1513927237397672,0.8666615023081655,0.5527662430653172,0.7702595651804547,Medium to High Vulnerable (zone4)
1500000US481677207012,0.5665839536807279,1.0,1.0,1.0,0.0,481677207012,0.9520612508879313,1.5518948639940766,1.1513927237397672,1.131037031295101,0.0,0.9572771739833753,Medium Vulnerable (zone3)
1500000US481677207013,0.8543956043956044,0.4084507042253521,0.6895604395604396,0.8656126482213439,0.9207920792079208,481677207013,1.435686525517812,0.6338725500820876,0.7939548726886857,0.9790399598957593,1.6734736800631813,1.103205517649505,Medium to Low Vulnerable (zone2)
1500000US481677207021,0.6830265848670757,0.6793785310734464,0.9693251533742331,1.0,0.1425959780621572,481677207021,1.1477260175721402,1.0543240530807216,1.116073928533026,1.131037031295101,0.2591579810017051,0.9416638022965387,Medium Vulnerable (zone3)
1500000US481677207022,0.4549019607843137,0.0,0.7338709677419355,1.0,0.20596205962059622,481677207022,0.7643960387549852,0.0,0.844973692421926,1.131037031295101,0.37432129755412713,0.6229456120052278,High Vulnerable (zone5)
1500000US481677207023,0.44074074074074077,0.0,0.7777777777777778,1.0,0.2857142857142857,481677207023,0.7406001850581106,0.0,0.895527674019819,1.131037031295101,0.5192652586371161,0.6572860298020293,High Vulnerable (zone5)
1500000US481677207024,0.6428571428571429,1.0,0.9217221135029354,1.0,0.3311546840958606,481677207024,1.080227160678997,1.5518948639940766,1.0612641347973197,1.131037031295101,0.6018499294007534,1.0852546240332495,Medium to Low Vulnerable (zone2)
1500000US481677207031,0.8092105263157895,0.11326860841423948,1.0,0.9658314350797267,0.0,481677207031,1.3597596276968076,0.17578097164981452,1.1513927237397672,1.0923911190640612,0.0,0.75586488843009,High Vulnerable (zone5)
1500000US481677207032,0.47619047619047616,1.0,1.0,1.0,0.0,481677207032,0.8001682671696273,1.5518948639940766,1.1513927237397672,1.131037031295101,0.0,0.9268985772397145,Medium Vulnerable (zone3)
1500000US481677207033,0.520242914979757,0.0,0.8663967611336032,1.0,0.15402843601895735,481677207033,0.8741919307519187,0.0,0.9975629266409319,1.131037031295101,0.27993565483399035,0.6565455087043884,High Vulnerable (zone5)
1500000US481677207034,0.6585503963759909,1.0,1.0,0.9634369287020109,0.0336734693877551,481677207034,1.1065973719753004,1.5518948639940766,1.1513927237397672,1.0896828436791923,0.061199119767945835,0.9921533846312565,Medium Vulnerable (zone3)
1500000US481677208001,0.035838150289017344,0.459915611814346,0.923699421965318,0.9947089947089947,0.044534412955465584,481677208001,0.06022075629218814,0.713740675845377,1.063540793373496,1.1250527083781956,0.08093810711550191,0.6086986082009517,High Vulnerable (zone5)
1500000US481677208002,0.4744136460554371,0.6870588235294117,0.7835820895522388,0.8664495114006515,0.5101214574898786,481677208002,0.7971825646801884,1.0662430594971068,0.9022107163632505,0.9799864831416837,0.9271092269593856,0.9345464101283231,Medium Vulnerable (zone3)
1500000US481677208003,0.9428571428571428,0.9279778393351801,0.8818181818181818,0.953125,0.2217741935483871,481677208003,1.584333168995862,1.4401240427645865,1.0153190382068857,1.078019670453143,0.4030587189017938,1.104170927864454,Medium to Low Vulnerable (zone2)
1500000US481677208004,0.5917636526410027,0.93646408839779,0.9732965009208103,0.8297872340425532,0.11992945326278659,481677208004,0.9943720426662128,1.4532938090994254,1.1206465092015967,0.9385200897980625,0.21796319498348085,0.9449591291497557,Medium Vulnerable (zone3)
1500000US481677209001,0.4053156146179402,0.33490566037735847,0.6578073089700996,0.4939271255060729,inf,481677209001,0.6810734553118223,0.5197383742621672,0.7573945491710097,0.5586498697085114,inf,inf,Low Vulnerable (zone1)
1500000US481677209002,0.5369955156950673,1.0,0.9368460388639761,0.8495332235035694,0.07383773928896992,481677209002,0.9023422196703231,1.5518948639940766,1.0786777124124054,0.9608535350980346,0.1341948047617342,0.9255926271873148,Medium Vulnerable (zone3)
1500000US481677209003,0.782608695652174,0.7139479905437353,0.728813559322034,0.8950471698113207,0.5869565217391305,481677209003,1.3150591521309527,1.1079722196837143,0.8391506291662711,1.0123314938124783,1.066751455243641,1.0682529900074116,Medium Vulnerable (zone3)
1500000US481677209004,0.6330275229357798,0.5304054054054054,0.6841415465268676,0.8817427385892116,0.5415384615384615,481677209004,1.0637099258062293,0.8231334244833447,0.7877155986791069,0.9972836894199542,0.9842073825245032,0.9312100041826277,Medium Vulnerable (zone3)
1500000US481677210001,0.4925758553905746,0.7858585858585858,0.894770819883796,0.8386138613861386,0.27440147329650094,481677210001,0.8277014941806933,1.2195699032195875,1.0302326114288687,0.9485033321850995,0.49870503200599653,0.9049424746040492,Medium to High Vulnerable (zone4)
1500000US481677210002,0.7222222222222222,0.41025641025641024,0.9722222222222222,1.0,0.0,481677210002,1.2135885385406013,0.6366748159975699,1.1194095925247738,1.131037031295101,0.0,0.8201419956716093,Medium to High Vulnerable (zone4)
1500000US481677210003,0.7652173913043478,0.8484848484848485,0.95,0.8625730994152047,0.21658986175115208,481677210003,1.2858356154169317,1.3167592785404287,1.0938230875527788,0.9756021176375871,0.3936365670313623,1.0131313332358176,Medium Vulnerable (zone3)
1500000US481677211011,0.2367778681855167,0.9243323442136498,0.8213995117982099,0.7473958333333334,0.20607175712971482,481677211011,0.39787048662925895,1.4344666176087681,0.945753421167856,0.8453323645356614,0.37452066492318226,0.7995887109729453,Medium to High Vulnerable (zone4)
1500000US481677211012,0.6312056737588653,0.6757990867579908,0.6507092198581561,0.811965811965812,0.7287234042553191,481677211012,1.0606485754184636,1.0487691318316135,0.7492218610150614,0.9183634014789281,1.3244026144494532,1.020281116838704,Medium Vulnerable (zone3)
1500000US481677211021,0.34189723320158105,0.7274074074074074,0.9337944664031621,0.8145483613109512,0.15128449096098953,481677211021,0.574508164946098,1.1288598195868025,1.0751641540850594,0.9212843604234275,0.2749487311432494,0.7949530460369274,Medium to High Vulnerable (zone4)
1500000US481677211022,0.47491761259611864,0.2494061757719715,0.7597949469058953,0.8238907849829351,0.26494940202391903,481677211022,0.7980294065506826,0.3870521632289265,0.8748223734016907,0.9318509875584893,0.4815265691869486,0.6946562999853475,High Vulnerable (zone5)
1500000US481677211023,0.13856209150326798,0.9041666666666667,0.6581699346405229,0.664327485380117,0.4680451127819549,481677211023,0.2328332761724955,1.4031716061946444,0.7578120737293762,0.7513789868720672,0.85063848289896,0.7991668851735086,Medium to High Vulnerable (zone4)
1500000US481677211031,0.46720297029702973,0.6362098138747885,0.9455445544554455,0.9732441471571907,0.35669781931464173,481677211031,0.785066081434062,0.9873307425749117,1.08869311997176,1.1007751709260014,0.6482727489059947,0.922027572762546,Medium to High Vulnerable (zone4)
1500000US481677211032,0.3020527859237537,1.0,0.9055718475073313,0.7402714932126697,0.19181034482758622,481677211032,0.5075554140433736,1.5518948639940766,1.0426688360435195,0.8372744720356494,0.34860156910659845,0.8575990310446435,Medium to High Vulnerable (zone4)
1500000US481677212031,0.5950605778191985,0.29064039408866993,0.951071761416589,1.0,0.18921892189218922,481677212031,0.9999120419705451,0.45104333485542125,1.0950571058494245,1.131037031295101,0.3438918434538437,0.8041882714848672,Medium to High Vulnerable (zone4)
1500000US481677212032,0.269273127753304,0.0,0.9807268722466961,1.0,0.02625656414103526,481677212032,0.4524740052623845,0.0,1.1292017846809062,1.131037031295101,0.047719425493658464,0.55208644934641,High Vulnerable (zone5)
1500000US481677212041,0.5788973384030418,1.0,0.841254752851711,1.0,0.3812785388127854,481677212041,0.9727520882920497,1.5518948639940766,0.9686146012449562,1.131037031295101,0.6929464467429096,1.0634490063138187,Medium Vulnerable (zone3)
1500000US481677212042,0.0,0.44242424242424244,1.0,1.0,0.0,481677212042,0.0,0.6865959095246521,1.1513927237397672,1.131037031295101,0.0,0.5938051329119041,High Vulnerable (zone5)
1500000US481677212043,0.9573612228479486,0.8738095238095238,1.0,1.0,0.18138987043580684,481677212043,1.6087051485574406,1.3560605121091098,1.1513927237397672,1.131037031295101,0.3296631029510078,1.1153717037304853,Medium to Low Vulnerable (zone2)
1500000US481677212051,1.0,1.0,1.0,1.0,0.0,481677212051,1.6803533610562174,1.5518948639940766,1.1513927237397672,1.131037031295101,0.0,1.1029355960170324,Medium to Low Vulnerable (zone2)
1500000US481677212052,0.2588801926550271,1.0,1.0,0.6966145833333334,0.0,481677212052,0.4350102018387559,1.5518948639940766,1.1513927237397672,0.7878968902902072,0.0,0.7852389359725614,Medium to High Vulnerable (zone4)
1500000US481677212053,0.9601139601139601,0.45726495726495725,1.0,1.0,0.0,481677212053,1.613330719874488,0.7096271386639581,1.1513927237397672,1.131037031295101,0.0,0.9210775227146628,Medium to High Vulnerable (zone4)
1500000US481677212054,0.6771037181996086,0.6825749167591565,0.860078277886497,1.0,0.35253456221198154,481677212054,1.1377735086603742,1.0592845076097195,0.9902878710051423,1.131037031295101,0.640706327189345,0.9918178491519363,Medium Vulnerable (zone3)
1500000US481677212061,0.6957022256331543,1.0,0.8204144282425172,0.8480424684804246,0.0,481677212061,1.1690255731369616,1.5518948639940766,0.9446192031295557,0.9591674359622687,0.0,0.9249414152445725,Medium Vulnerable (zone3)
1500000US481677212062,0.8992248062015504,1.0,1.0,0.9439746300211417,0.0,481677212062,1.511015425445901,1.5518948639940766,1.1513927237397672,1.0676702631570034,0.0,1.0563946552673495,Medium Vulnerable (zone3)
1500000US481677212063,0.7351598173515982,1.0,1.0,0.8431372549019608,0.10139860139860139,481677212063,1.2353282700002328,1.5518948639940766,1.1513927237397672,0.9536194577586146,0.1842846984324031,1.0153040027850189,Medium Vulnerable (zone3)
1500000US481677212071,0.9073170731707317,0.506896551724138,1.0,1.0,0.14849187935034802,481677212071,1.524613293446129,0.7866501551969975,1.1513927237397672,1.131037031295101,0.2698733594772947,0.9727133126310579,Medium Vulnerable (zone3)
1500000US481677212072,0.5686965274282838,0.7074954296160878,1.0,1.0,0.08161044613710555,481677212072,0.955611121285116,1.0979585235204894,1.1513927237397672,1.131037031295101,0.14832114297306093,0.8968641085627069,Medium to High Vulnerable (zone4)
1500000US481677212073,0.7541766109785203,0.3070607553366174,0.7143993635640413,1.0,1.251572327044025,481677212073,1.267283203087744,0.4765260091410384,0.8225542290519577,1.131037031295101,2.2746430983695056,1.1944087141890694,Medium to Low Vulnerable (zone2)
1500000US481677212081,0.6090116279069767,0.7211328976034859,0.8822674418604651,0.9711981566820277,0.3130434782608696,481677212081,1.0233547358758068,1.1191224400480162,1.0158363129506376,1.0984610799329149,0.5689341094632752,0.9651417356541302,Medium Vulnerable (zone3)
1500000US481677212091,0.4034839924670433,0.9492242595204513,1.0,0.8922651933701657,0.01989730423620026,481677212091,0.6779956828743777,1.473096253128369,1.1513927237397672,1.0091849754373414,0.0361619259063717,0.8695663122172455,Medium to High Vulnerable (zone4)
1500000US481677212101,0.6100998238402818,0.9132743362831859,0.9729888432178508,0.984070796460177,0.07294117647058823,481677212101,1.0251832895698236,1.4173057518954755,1.1202922743610066,1.1130205122125243,0.13256536602853436,0.9616734388134729,Medium Vulnerable (zone3)
1500000US481677212102,0.7351524879614767,0.7805429864253394,0.8980263157894737,0.94125,0.2742230347349177,481677212102,1.2353159540349077,1.2113206517600825,1.0339809657268304,1.064588605706514,0.4983807326955868,1.0087173819847843,Medium Vulnerable (zone3)
1500000US481677212103,0.6943416181914331,1.0,1.0,0.9897540983606558,0.0444234404536862,481677212103,1.1667392718491876,1.5518948639940766,1.1513927237397672,1.1194485371219955,0.08073642253856864,1.014042363848719,Medium Vulnerable (zone3)
1500000US481677212104,0.7113665389527458,1.0,0.9782886334610472,1.0,0.11294765840220386,481677212104,1.195347154672175,1.5518948639940766,1.12639441428437,1.131037031295101,0.20527428268436962,1.0419895493860183,Medium Vulnerable (zone3)
1500000US481677212111,0.8872727272727273,0.66,1.0,0.963302752293578,0.15384615384615385,481677212111,1.4909317094462438,1.0242506102360907,1.1513927237397672,1.0895310851925284,0.27960437003537025,1.00714209973,Medium Vulnerable (zone3)
1500000US481677212112,0.5744525547445255,1.0,0.9773722627737226,1.0,0.15863141524105753,481677212112,0.9652832811322941,1.5518948639940766,1.125339311742736,1.131037031295101,0.2883012400209183,1.0123711456370252,Medium Vulnerable (zone3)
1500000US481677212113,0.8787878787878788,0.9392712550607287,0.873015873015873,0.9700598802395209,0.1518324607329843,481677212113,1.4766741657766758,1.4576502366260153,1.0051841238997967,1.097173647124589,0.27594462697208005,1.0625253600798314,Medium Vulnerable (zone3)
1500000US481677213011,0.9685610640870617,0.9822485207100592,0.9588875453446191,0.9751461988304093,0.2507204610951009,481677213011,1.6275248394268804,1.5243464344557203,1.1040561425944806,1.1029264618038483,0.45566648776657603,1.1629040732095013,Medium to Low Vulnerable (zone2)
1500000US481677213012,0.47296206618240516,0.4989106753812636,0.6602098466505246,0.9776951672862454,0.4732334047109208,481677213012,0.7947433975616977,0.774256914715999,0.7601608135747616,1.1058094395190021,0.8600678320252877,0.8590076794793496,Medium to High Vulnerable (zone4)
1500000US481677213013,0.8250204415372036,0.9071146245059288,0.9592720970537262,0.9445037353255069,0.0993006993006993,481677213013,1.3863258718771245,1.4077465268246665,1.1044989126342482,1.0682687008496952,0.18047191156828443,1.0294623847508038,Medium Vulnerable (zone3)
1500000US481677213021,0.7767955801104972,0.4477317554240631,0.8773480662983425,1.0,0.12922465208747516,481677213021,1.305291063892288,0.6948326116896557,1.0101721797230665,1.131037031295101,0.2348565533597295,0.875237887991968,Medium to High Vulnerable (zone4)
1500000US481677213022,0.7430830039525692,0.7063711911357341,0.9762845849802372,1.0,0.0,481677213022,1.24864202323545,1.096213823596924,1.1240869674455436,1.131037031295101,0.0,0.9199959691146036,Medium to High Vulnerable (zone4)
1500000US481677214011,0.683698296836983,0.8591065292096219,0.9781021897810219,1.0,0.23202614379084968,481677214011,1.1488547310384358,1.3332430103041895,1.1261797443878017,1.131037031295101,0.4216909044814489,1.0322010843013953,Medium Vulnerable (zone3)
1500000US481677214012,0.8747993579454254,0.9380952380952381,1.0,0.9779693486590039,0.0,481677214012,1.4699720413734165,1.4558251819373005,1.1513927237397672,1.1061195488048832,0.0,1.0366618991710734,Medium Vulnerable (zone3)
1500000US481677214021,0.6226912928759895,0.014962593516209476,0.9722955145118733,0.9884526558891455,0.17752808988764046,481677214021,1.0463414068846104,0.02322037202983656,1.1194939807337843,1.1179765574926173,0.32264459328800593,0.7259353820857708,High Vulnerable (zone5)
1500000US481677214031,0.6587473002159827,0.5945945945945946,0.994060475161987,0.8497354497354498,0.03664495114006515,481677214031,1.1069282400046356,0.9227482975099917,1.1445539980588075,0.9610822604549907,0.06659957511021646,0.8403824742277285,Medium to High Vulnerable (zone4)
1500000US481677214032,0.9084057971014493,0.9486166007905138,1.0,1.0,0.07366296670030273,481677214032,1.5264427343623725,1.4721532306663179,1.1513927237397672,1.131037031295101,0.1338771680946349,1.0829805776316388,Medium to Low Vulnerable (zone2)
1500000US481677214033,0.8887240356083086,0.3002610966057441,0.9673590504451038,1.0,0.07547169811320754,481677214033,1.4933704202858669,0.46597365367968363,1.113810171926303,1.131037031295101,0.13716440794187973,0.8682711370257667,Medium to High Vulnerable (zone4)
1500000US481677214034,0.6068237205523964,1.0,0.9048027444253859,0.9738933030646992,0.09695817490494296,481677214034,1.019678278398858,1.5518948639940766,1.0417832963511615,1.1015093902964774,0.17621454119149282,0.9782160740464132,Medium Vulnerable (zone3)
1500000US481677215011,0.9158361018826136,0.2394578313253012,0.929125138427464,1.0,0.06750392464678179,481677215011,1.538928271975074,0.37161337857689486,1.0697879238290862,1.131037031295101,0.12268355011756041,0.8468100311587433,Medium to High Vulnerable (zone4)
1500000US481677215012,0.46813532651455547,0.10850439882697947,0.959087332808812,0.9817518248175182,0.0,481677215012,0.7866327693378831,0.16838741926035436,1.1042861764270466,1.1103976694101538,0.0,0.6339408068870875,High Vulnerable (zone5)
1500000US481677215013,0.5631641086186541,0.9617834394904459,1.0,1.0,0.0,481677215013,0.9463147027435841,1.4925867800197807,1.1513927237397672,1.131037031295101,0.0,0.9442662475596466,Medium Vulnerable (zone3)
1500000US481677215021,0.745049504950495,0.5032258064516129,0.952076677316294,0.971830985915493,0.4423076923076923,481677215021,1.2519464397968352,0.7809535444615353,1.0962141587043153,1.0991768332304503,0.8038625638516894,1.0064307080089652,Medium Vulnerable (zone3)
1500000US481677215022,0.8075880758807588,0.6489071038251366,0.9390243902439024,1.0,0.051111111111111114,481677215022,1.3570333376551564,1.0070356016355007,1.0811858503410008,1.131037031295101,0.09289078515619523,0.9338365212165908,Medium Vulnerable (zone3)
1500000US481677215023,0.9625935162094763,0.9822485207100592,0.972568578553616,1.0,0.0,481677215023,1.6174972502935159,1.5243464344557203,1.1198083846845617,1.131037031295101,0.0,1.0785378201457798,Medium to Low Vulnerable (zone2)
1500000US481677215031,0.8433734939759037,0.7877906976744186,0.9852744310575636,0.9551227773073666,0.09771573604060914,481677215031,1.4171654852281352,1.2225683376232406,1.1344378108065176,1.0802792305680557,0.17759135431815076,1.0064084437088199,Medium Vulnerable (zone3)
1500000US481677216001,0.584983498349835,0.6317044100119189,0.8529533250722842,0.7204433497536946,0.16038562664329536,481677216001,0.9829789876145694,0.9803388294599054,0.9820842521778683,0.8148481075217169,0.2914893936521235,0.8103479140852367,Medium to High Vulnerable (zone4)
1500000US481677217011,0.37861736334405144,0.3473684210526316,0.7218649517684887,0.6111111111111112,0.04434589800443459,481677217011,0.6362109590494199,0.5390792685453109,0.831150052988996,0.6911892969025618,0.08059549468868767,0.5556450144349953,High Vulnerable (zone5)
1500000US481677217012,0.5067340067340067,0.7163461538461539,1.0,0.8459119496855346,0.24150943396226415,481677217012,0.8514921913769721,1.111693916995757,1.1513927237397672,0.9567577403093779,0.43892610541401517,0.9020525355671778,Medium to High Vulnerable (zone4)
1500000US481677217013,0.8769100169779287,0.35988200589970504,0.8938879456706281,0.6429463171036205,0.2340823970037453,481677217013,1.4735186943727272,0.5584990365996383,1.0292160764838496,0.7271960937789975,0.4254279974789107,0.8427715797428247,Medium to High Vulnerable (zone4)
1500000US481677217021,0.27983539094650206,0.4030131826741996,0.7205761316872428,0.7607879924953096,0.17967914438502675,481677217021,0.47022233971943533,0.625434088313997,0.8296661149252397,0.8604793924768546,0.3265539808327533,0.622471183253656,High Vulnerable (zone5)
1500000US481677217022,0.42406639004149377,0.6678321678321678,0.983402489626556,0.7247023809523809,0.04426559356136821,481677217022,0.7125813838172009,1.0364053112687714,1.1322824710635884,0.8196652295248723,0.08044954711279265,0.7562767885574451,High Vulnerable (zone5)
1500000US481677217031,0.6364536899455175,0.6470588235294118,0.7812187812187812,0.9493019838354151,0.40052015604681407,481677217031,1.069467097056582,1.0041672649373439,0.8994896203441538,1.0736956975997578,0.7279167084665946,0.9549472776808863,Medium Vulnerable (zone3)
1500000US481677217032,0.7933579335793358,0.972972972972973,0.9769372693726938,0.9801762114537445,0.10014513788098693,481677217032,1.333121670210652,1.5099517595618044,1.1248384635059165,1.1086155923487222,0.18200661823057118,1.0517068207715332,Medium Vulnerable (zone3)
1500000US481677217033,0.3366477272727273,0.7671232876712328,0.8025568181818181,0.8457446808510638,0.8125,481677217033,0.5656871400146641,1.1904946901872369,0.9240580808422847,0.9565685530634098,1.476660579249299,1.0226938086713788,Medium Vulnerable (zone3)
1500000US481677218001,0.47625797306874557,0.6648745519713262,0.7852586817859674,0.7248868778280543,0.4072289156626506,481677218001,0.8002816857758881,1.031815402404664,0.9041411324618441,0.8198739023234171,0.7401093987562752,0.8592443043444178,Medium to High Vulnerable (zone4)
1500000US481677218002,0.6105263157894737,0.75254730713246,0.7289473684210526,0.8383333333333334,0.39481268011527376,481677218002,1.0258999467501118,1.1678743008514376,0.8393046959892513,0.9481860445690597,0.7175437795864472,0.9397617535492616,Medium Vulnerable (zone3)
1500000US481677218003,0.8492569002123143,0.9680170575692963,0.8418259023354565,0.8899408284023669,0.28199566160520606,481677218003,1.427051686671947,1.5022606999004495,0.9692722186047086,1.006556032584516,0.512506925552902,1.0835295126629048,Medium to Low Vulnerable (zone2)
1500000US481677218004,0.5121951219512195,0.75,0.6186252771618626,0.5525179856115108,0.599406528189911,481677218004,0.8606687946873308,1.1639211479955576,0.7122806428456654,0.6249183021831924,1.089378450612585,0.8902334676648662,Medium to High Vulnerable (zone4)
1500000US481677219011,0.5601954686805865,0.5662211421628189,0.8209684584629053,0.8793225123500353,0.3121301775147929,481677219011,0.9413263386458864,0.8787156824073387,0.9452571094940425,0.9945463239193337,0.5672742507448377,0.8654239410422878,Medium to High Vulnerable (zone4)
1500000US481677219012,0.4219890510948905,0.5959595959595959,1.0,0.8408631153068106,0.14149305555555555,481677219012,0.7090907203362231,0.924866636117682,1.1513927237397672,0.9510473216621652,0.2571534983094399,0.7987101800330555,Medium to High Vulnerable (zone4)
1500000US481677219021,0.32237923102201776,0.1559100797679478,0.5330266184686165,0.742215416028586,0.8818897637795275,481677219021,0.5417110243825664,0.241956052036785,0.6137229700643781,0.8394731207264302,1.6027715069744057,0.7679269348369131,Medium to High Vulnerable (zone4)
1500000US481677219022,0.35436537050623623,0.15760869565217392,0.7114503816793893,0.8045325779036827,0.38054607508532423,481677219022,0.5954590413720858,0.24459212530341426,0.8191587927675291,0.9099561384923759,0.6916152463588211,0.6521562688588453,High Vulnerable (zone5)
1500000US481677219023,0.513677811550152,0.8292220113851992,0.9392684610075914,0.910464465584779,0.08507853403141362,481677219023,0.8631602371383001,1.2868653805795285,1.08146687164239,1.029769026254689,0.1546241444240104,0.8831771320077838,Medium to High Vulnerable (zone4)
1500000US481677220011,0.8064516129032258,0.88470066518847,0.963382737576286,0.978391356542617,0.0,481677220011,1.3551236782711429,1.37296241847813,1.1092318742218334,1.1065968553487482,0.0,0.9887829652639709,Medium Vulnerable (zone3)
1500000US481677220012,0.42529789184234645,0.8611713665943601,1.0,0.8566131025957973,0.08,481677220012,0.7146507420074105,1.3364474208365476,1.1513927237397672,0.9688611405284363,0.14539427241839253,0.8633492599061107,Medium to High Vulnerable (zone4)
1500000US481677220013,0.41357466063348414,0.7039937353171496,0.9390648567119155,0.8118126272912424,0.058168942842690946,481677220013,0.6949515710431595,1.0925242621226898,1.0812324431378266,0.918190143939363,0.1057178890245014,0.7785232618535081,Medium to High Vulnerable (zone4)
1500000US481677220021,0.5134350036310821,0.6065318818040435,0.9565903709550119,0.8407310704960835,0.15340086830680175,481677220021,0.8627522340353999,0.9412737122203575,1.1014111927171255,0.9508979740914426,0.27879509544771364,0.8270260417024078,Medium to High Vulnerable (zone4)
1500000US481677220022,0.40767172167707405,0.3355263157894737,0.928635147190009,0.8462664714494875,0.12792792792792793,481677220022,0.6850325477276462,0.5207015662085389,1.069223751483584,0.9571587175528087,0.23249985003842047,0.6929232866021997,High Vulnerable (zone5)
1500000US481677220023,0.40879478827361565,0.5021459227467812,0.7296416938110749,0.7809734513274337,0.4857142857142857,481677220023,0.6869196964578348,0.7792776784862961,0.8401041371912308,0.8833098939096696,0.8827509396830975,0.8144724691456258,Medium to High Vulnerable (zone4)
1500000US481677221001,0.6817447495961227,0.9428571428571428,0.7075928917609047,0.8369781312127237,0.8040540540540541,481677221001,1.1455720813662742,1.4632151574801295,0.8147173069434863,0.9466532607857605,1.4613106771781006,1.1662936967507502,Medium to Low Vulnerable (zone2)
1500000US481677221002,0.5965346534653465,0.8056426332288401,1.0,0.8277945619335347,0.0,481677221002,1.002389009937001,1.2502726647225006,1.1513927237397672,0.9362663038515338,0.0,0.8680641404501606,Medium to High Vulnerable (zone4)
1500000US481677221003,0.34938837920489296,0.5329949238578681,0.77217125382263,0.8887323943661972,0.1937269372693727,481677221003,0.5870959373109261,0.8271520848699394,0.8890723631323891,1.0051892489397307,0.3520848386515502,0.7321188945809071,High Vulnerable (zone5)
1500000US481677221004,0.35124905374716126,0.8669833729216152,0.8675246025738077,0.8233128834355828,0.1069078947368421,481677221004,0.5902225280318584,1.345467043605316,0.9988615150687156,0.9311973595079911,0.19429744463806567,0.8120091781703893,Medium to High Vulnerable (zone4)
1500000US481677221005,0.7321428571428571,0.7105263157894737,0.9404761904761905,0.8383233532934131,0.15454545454545454,481677221005,1.2302587107733018,1.1026621402063177,1.082857442564781,0.948174756774336,0.28087529899007646,0.9289656698617627,Medium Vulnerable (zone3)
1500000US481677221006,0.483729966002914,0.8764044943820225,1.0,0.976461655277145,0.0,481677221006,0.8128372742166063,1.3600876336127863,1.1513927237397672,1.1044142917581623,0.0,0.8857463846654644,Medium to High Vulnerable (zone4)
1500000US481677222001,0.4145785876993166,0.6421404682274248,0.8314350797266514,0.8476190476190476,0.2,481677222001,0.6966385232624864,0.9965344946048921,0.9573083010592597,0.9586885312882284,0.36348568104598133,0.7945311062521696,Medium to High Vulnerable (zone4)
1500000US481677222002,0.3363329583802025,0.18263473053892215,0.4398200224971879,0.8507462686567164,1.45,481677222002,0.5651582170481542,0.28342990031029547,0.5064055736583228,0.9622255340868769,2.6352711875833643,0.9904980825374029,Medium Vulnerable (zone3)
1500000US481677222003,0.5830945558739254,0.3024193548387097,0.7768166089965398,0.6296296296296297,0.2815126050420168,481677222003,0.979804896776333,0.4693230435465958,0.8944209912788158,0.7121344271117303,0.5116290048336292,0.7134624727094208,High Vulnerable (zone5)
1500000US481677222004,0.12857142857142856,0.12043795620437957,0.5877551020408163,0.7122093023255814,0.5192307692307693,481677222004,0.21604543213579935,0.1869070456635202,0.6767369478307202,0.8055350949630807,0.9436647488693747,0.565777853892499,High Vulnerable (zone5)
1500000US481677223001,0.3416610398379473,0.25,0.6266036461850102,0.782608695652174,0.32948929159802304,481677223001,0.574111276633657,0.38797371599851915,0.7214668788862283,0.885159415796166,0.5988231977693267,0.6335068970167794,High Vulnerable (zone5)
1500000US481677223002,0.2376237623762376,0.4028436018957346,0.7458745874587458,0.6637931034482759,0.22968197879858657,481677223002,0.3992918877757348,0.625170916774865,0.8587945728224006,0.7507745811182999,0.4174305524379644,0.610292502185853,High Vulnerable (zone5)
1500000US481677223003,0.6254295532646048,0.8341013824884793,0.9725085910652921,0.884318766066838,0.05460750853242321,481677223003,1.0509426519320673,1.29443765153423,1.1197393155269901,1.0001972718907834,0.09924523714566043,0.9129124256059462,Medium to High Vulnerable (zone4)
1500000US481677223004,0.21467391304347827,0.7973977695167286,0.871195652173913,0.8456973293768546,0.08690012970168612,481677223004,0.36072803131369885,1.2374775030733436,1.0030883348667645,0.9565149967925928,0.15793476413800744,0.7431487260368814,High Vulnerable (zone5)
1500000US481677223005,0.1305707584050039,0.35656836461126007,0.9071661237785016,0.7194679564691656,0.1021671826625387,481677223005,0.21940501274150764,0.5533566137029818,1.0445044741417757,0.813744901596838,0.18568153985321026,0.5633385084072626,High Vulnerable (zone5)
1500000US481677223006,0.2986708365910868,0.7133956386292835,0.7732603596559813,0.8269230769230769,0.17794970986460348,481677223006,0.5018725441153049,1.1071150275845594,0.8903263516642923,0.9352806220324873,0.32341085741035086,0.751601080561399,High Vulnerable (zone5)
1500000US481677226001,0.2330739299610895,0.34017595307917886,0.8264591439688715,0.7955580865603644,0.35772357723577236,481677226001,0.3916465615846981,0.5279173144378677,0.9515790448339554,0.8998056564460456,0.6501369904887471,0.6842171135582629,High Vulnerable (zone5)
1500000US481677227001,0.01977687626774848,0.3315696649029982,0.7622304050499737,0.8481927710843373,0.2428842504743833,481677227001,0.033232140507704094,0.5145612600192,0.8776265421877553,0.959337433773194,0.4414247359951196,0.5652364224965946,High Vulnerable (zone5)
1500000US481677227002,0.0,0.6792452830188679,1.0,0.9676113360323887,0.0,481677227002,0.0,1.0541172661091842,1.1513927237397672,1.0944042529535594,0.0,0.6599828485605022,High Vulnerable (zone5)
1500000US481677227003,0.377431906614786,0.3763440860215054,0.7701612903225806,0.8978102189781022,0.0,481677227003,0.6342189728500119,0.5840464541913192,0.8867581057834497,1.0154566047393971,0.0,0.6240960275128355,High Vulnerable (zone5)
1500000US481677227004,0.062109212171738225,0.699748743718593,0.9695560253699789,0.9253380364491476,0.05909694555112882,481677227004,0.10436542342533406,1.0859364814631918,1.1163397528690429,1.0465915856898818,0.10740446750694668,0.6921275421908794,High Vulnerable (zone5)
1500000US481677228001,0.2680084745762712,0.5326370757180157,0.7425847457627119,0.7577903682719547,0.26301369863013696,481677228001,0.4503489410457871,0.8265967421796127,0.8550066730313315,0.8570889684743329,0.4780085668549891,0.6934099783172106,High Vulnerable (zone5)
1500000US481677228002,0.29896907216494845,0.632952691680261,0.6912371134020618,0.7990155865463495,0.3672496025437202,481677228002,0.5023736852642299,0.9822760313698234,0.7958853827500143,0.903716216965897,0.6674498594723505,0.770340235164463,Medium to High Vulnerable (zone4)
1500000US481677229001,0.5580882352941177,0.8417910447761194,0.765237020316027,0.8384321223709369,0.32524271844660196,481677229001,0.9377854419424037,1.3063711989442677,0.8810883371281739,0.9482977786288753,0.5911053550990474,0.9329296223485535,Medium Vulnerable (zone3)
1500000US481677229002,0.34575389948006935,0.7221206581352834,0.8049645390070922,0.9220085470085471,0.45073891625615764,481677229002,0.580988727089628,1.1206553405441688,0.926830313081302,1.0428258098372567,0.819185709746485,0.8980971800597681,Medium to High Vulnerable (zone4)
1500000US481677230001,0.1503461918892186,0.3709016393442623,0.6468842729970327,0.951935914552737,0.5048076923076923,481677230001,0.2526347288630515,0.575600349145344,0.7448178450304727,1.0766747707789146,0.9174518391785585,0.7134359065992683,High Vulnerable (zone5)
1500000US481677230002,0.11322751322751323,0.8306451612903226,0.8317460317460317,0.9240348692403487,0.4810126582278481,481677230002,0.19026223241588916,1.2890739596079832,0.9576663289518064,1.0451176553187609,0.8742060683384361,0.8712652489265752,Medium to High Vulnerable (zone4)
1500000US481677230003,0.32794830371567046,0.49808429118773945,0.9574582660204631,0.8128787878787879,0.03136200716845878,481677230003,0.551069034401312,0.7729744533303831,1.1024104807804558,0.9193960110451843,0.05699820267298094,0.6805696364460632,High Vulnerable (zone5)
1500000US481677231001,0.4727272727272727,0.4061302681992337,0.9173838209982789,0.8507157464212679,0.08888888888888889,481677231001,0.7943488615902118,0.6302714773309277,1.0562690563740034,0.9621910123083067,0.1615491915759917,0.7209259198358883,High Vulnerable (zone5)
1500000US481677231002,0.3274336283185841,0.5574229691876751,0.8761658031088083,0.9197267292912041,0.1707891637220259,481677231002,0.550204197867965,0.8650618429546815,1.0088109304890915,1.0402449895002766,0.31039707745387096,0.7549438076531771,High Vulnerable (zone5)
1500000US481677231003,0.3142493638676845,0.08436724565756824,0.9338422391857506,0.8746031746031746,0.111358574610245,481677231003,0.5280499747848418,0.13092909522530674,1.0752191593193245,0.9892085781644454,0.20238623666257313,0.5851586088312983,High Vulnerable (zone5)
1500000US481677232001,0.47482517482517483,0.8625254582484725,0.848951048951049,0.9458544839255499,0.14743112434847358,481677232001,0.7978740784315885,1.3385488287199419,0.9774760605734808,1.0697964475363138,0.2679455132058984,0.8903281856934446,Medium to High Vulnerable (zone4)
1500000US481677232002,0.3270631067961165,0.7340619307832422,0.9794212218649517,0.8361310951239008,0.11219512195121951,481677232002,0.5495815907823429,1.139186940236089,1.1276984683316176,0.9456952316024585,0.20390660156237977,0.7932137665029775,Medium to High Vulnerable (zone4)
1500000US481677233001,0.7698381365969207,0.9060489060489061,0.9688116857481247,0.8286384976525821,0.04276985743380855,481677233001,1.2936001002998911,1.4060926438247492,1.1154827256444488,0.937220826401809,0.07773115378783714,0.9660254899917472,Medium Vulnerable (zone3)
1500000US481677233002,0.5556974146185765,0.884990253411306,0.9659383033419023,0.9444158517756047,0.0779537149817296,481677233002,0.9337680183845753,1.3734118289538222,1.1121743340494024,1.0681693013003142,0.14167529590099148,0.925839755717821,Medium Vulnerable (zone3)
1500000US481677233003,0.8424304840370752,0.6171875,0.84346035015448,0.9768856447688564,0.11697247706422019,481677233003,1.4155808953079154,0.9578101113713442,0.9711541099308645,1.1048938395741679,0.21258910244661752,0.9324056117261821,Medium Vulnerable (zone3)
1500000US481677233004,0.7,0.8900804289544236,1.0,0.8722222222222222,0.06156405990016639,481677233004,1.176247352739352,1.3813112462360146,1.1513927237397672,0.9865156328518381,0.11188827120383785,0.961471045354162,Medium Vulnerable (zone3)
1500000US481677233005,0.410427807486631,1.0,0.9946524064171123,0.9201773835920177,0.02643171806167401,481677233005,0.6896637457810946,1.5518948639940766,1.1452355433989128,1.0407546962028091,0.04803775520431471,0.8951173209162416,Medium to High Vulnerable (zone4)
1500000US481677234011,0.44563106796116503,0.7423076923076923,0.9815533980582525,0.6038500506585613,0.00875,481677234011,0.7488176628396153,1.1519834951956032,1.1301534404863154,0.6829767686442556,0.015902498545761683,0.7459667731423103,High Vulnerable (zone5)
1500000US481677234012,0.9735099337748344,0.5727272727272728,0.7748344370860927,0.8971141781681304,0.14754098360655737,481677234012,1.6358406892401587,0.8888125130147895,0.8921387329639255,1.0146693568080265,0.26814517454211734,0.9399212933138035,Medium Vulnerable (zone3)
1500000US481677234021,0.9307479224376731,0.9805194805194806,0.9321329639889196,0.988562091503268,0.2735562310030395,481677234021,1.5639853997642355,1.521663145864322,1.0732511122948245,1.1181003332247321,0.497168864652558,1.1548337711601344,Medium to Low Vulnerable (zone2)
1500000US481677234022,0.9727520435967303,1.0,0.9482288828337875,1.0,0.4051724137931034,481677234022,1.6345671659320697,1.5518948639940766,1.0917838361347112,1.131037031295101,0.7363718538431517,1.229130950239822,Medium to Low Vulnerable (zone2)
1500000US481677234031,0.8290535583272194,0.41651705565529623,0.7351145038167939,0.8299881936245572,0.23817567567567569,481677234031,1.3931029332307598,0.6463906794373893,0.8464054908102259,0.9387473825271027,0.4328672384077987,0.8515027448826554,Medium to High Vulnerable (zone4)
1500000US481677234032,0.8865769073847409,0.7689393939393939,0.9938800489596084,0.9794326241134752,0.019330855018587362,481677234032,1.4897624861587762,1.1933130961772636,1.1443462566422167,1.1077745675308754,0.03513244500816177,0.9940657703034587,Medium Vulnerable (zone3)
1500000US481677235011,0.8601398601398601,0.8568129330254042,0.9309440559440559,0.9530864197530864,0.09,481677235011,1.4453389049644387,1.3296835901658255,1.071882212222773,1.0779760347652074,0.1635685564706916,1.017689859717787,Medium Vulnerable (zone3)
1500000US481677235012,0.7637075718015666,1.0,1.0,0.9333333333333333,0.04728132387706856,481677235012,1.283298585140845,1.5518948639940766,1.1513927237397672,1.0556345625420942,0.08593042105105941,1.0256302312935683,Medium Vulnerable (zone3)
1500000US481677235013,1.0,0.6975308641975309,0.8446215139442231,0.8892508143322475,0.15611814345991562,481677235013,1.6803533610562174,1.0824945656254978,0.9724910654694449,1.0057756011190964,0.28373354849580823,1.004969628353213,Medium Vulnerable (zone3)
1500000US481677235031,0.7456758488148623,0.7899628252788105,0.9673286354900704,0.710727969348659,0.06521739130434782,481677235031,1.2529989188145016,1.2259392512964362,1.1137751523683848,0.8038596525105028,0.11852793947151564,0.9030201828922684,Medium to High Vulnerable (zone4)
1500000US481677235032,0.38563049853372433,1.0,0.9750733137829912,0.7584158415841584,0.040278853601859024,481677235032,0.6479955043369284,1.5518948639940766,1.122692318602559,0.8577964019525222,0.07320393266611552,0.8507166043104404,Medium to High Vulnerable (zone4)
1500000US481677235041,0.5560975609756098,1.0,1.0,1.0,0.0,481677235041,0.9344404056605308,1.5518948639940766,1.1513927237397672,1.131037031295101,0.0,0.953753004937895,Medium Vulnerable (zone3)
1500000US481677235042,0.9058641975308642,0.7770700636942676,0.6975308641975309,0.9517819706498952,0.26492537313432835,481677235042,1.522171948981481,1.2059310408106838,0.8031319616209488,1.0765006545240585,0.4814828984004603,1.0178437008675263,Medium Vulnerable (zone3)
1500000US481677235043,0.8707414829659319,1.0,0.9288577154308617,0.9078771695594126,0.04578313253012048,481677235043,1.4631533775128787,1.5518948639940766,1.0694800149366375,1.026842698639077,0.08320756554064632,1.0389157041246633,Medium Vulnerable (zone3)
1500000US481677235051,0.7502448579823702,0.7849462365591398,0.9578844270323212,0.8592233009708737,0.11363636363636363,481677235051,1.2606764687258203,1.2181540330276086,1.1029011594686506,0.9718133715496741,0.2065259551397621,0.952014197582303,Medium Vulnerable (zone3)
1500000US481677235052,0.9336530775379697,0.7948717948717948,1.0,0.8863134657836644,0.054282267792521106,481677235052,1.5688670869014085,1.2335574559952918,1.1513927237397672,1.0024533511368279,0.09865413538642435,1.010984950631944,Medium Vulnerable (zone3)
1500000US481677236001,0.7511715089034676,0.854421768707483,0.9690721649484536,0.8834612700628053,0.15384615384615385,481677236001,1.2622335697156122,1.3259727545418778,1.115782639500393,0.9992274121560347,0.27960437003537025,0.9965641491898575,Medium Vulnerable (zone3)
1500000US481677236002,0.3900226757369615,0.7262773722627737,0.8775510204081632,0.8941176470588236,0.17374517374517376,481677236002,0.6553759140627424,1.1271061238497126,1.0104058596083672,1.0112801691579727,0.31576941403608416,0.823987496142976,Medium to High Vulnerable (zone4)
1500000US481677236003,0.7512915129151292,0.9719101123595506,0.9527675276752767,0.913003663003663,0.085,481677236003,1.262435218859948,1.5083023116346925,1.097009598780841,1.0326409525652158,0.15448141444454208,1.0109738992570478,Medium Vulnerable (zone3)
1500000US481677237001,0.24572457245724572,0.3071748878923767,0.7191719171917192,0.7589158345221113,0.19953596287703015,481677237001,0.4129041112226349,0.47670313086813565,0.828049312572524,0.8583619124807329,0.36264232679761477,0.5877321587883285,High Vulnerable (zone5)
1500000US481677237002,0.4466824644549763,0.7121212121212122,0.8874407582938388,0.7927007299270074,0.07169811320754717,481677237002,0.7505843804717938,1.1051372516321456,1.0217928318496274,0.896573880282102,0.13030618754478576,0.7808789063560909,Medium to High Vulnerable (zone4)
1500000US481677237003,0.15453527435610304,0.5321428571428571,0.5184770436730124,0.7101694915254237,0.9493670886075949,481677237003,0.2596738676660224,0.8258297669111336,0.596970695511212,0.8032279934112666,1.7254067138258606,0.842221807465099,Medium to High Vulnerable (zone4)
1500000US481677238001,0.5174496644295302,0.76007326007326,0.8969654199011997,0.8996350364963503,0.22852512155591573,481677238001,0.8694982828015729,1.1795537885669263,1.0327594579204264,1.017520540927892,0.41532804722433847,0.9029320234882313,Medium to High Vulnerable (zone4)
1500000US481677238002,0.8785388127853881,0.8849840255591054,0.9406392694063928,0.9731343283582089,0.11055276381909548,481677238002,1.4762556468822658,1.3734021639819785,1.0830452104584112,1.1006509617976206,0.20092173324149723,1.0468551432723547,Medium Vulnerable (zone3)
1500000US481677238003,0.8874074074074074,0.8763940520446096,0.9679012345679012,0.9916897506925207,0.075,481677238003,1.491158019663221,1.3600714282029873,1.1144344387802192,1.1216378315890474,0.136307130392243,1.0447217697255435,Medium Vulnerable (zone3)
1500000US481677239001,0.9937694704049844,0.9481481481481482,0.9599358974358975,0.9364791288566243,0.10357142857142858,481677239001,1.6698838697100726,1.4714262414166062,1.1052632075642959,1.0591925737718186,0.18823365625595462,1.0987999097437497,Medium to Low Vulnerable (zone2)
1500000US481677239002,0.6923076923076923,0.7,1.0,0.7692307692307693,0.0,481677239002,1.1633215576543043,1.0863264047958536,1.1513927237397672,0.8700284856116162,0.0,0.8542138343603083,Medium to High Vulnerable (zone4)
1500000US481677239003,0.7242857142857143,0.8774193548387097,0.8728571428571429,0.9737631184407796,0.6742424242424242,481677239003,1.2170559343650031,1.3616625903431898,1.0050013631499968,1.1013621466659191,1.2253873338292551,1.1820938736706728,Medium to Low Vulnerable (zone2)
1500000US481677239004,0.6396226415094339,0.7061611374407583,0.6094339622641509,0.7401315789473685,0.6089385474860335,481677239004,1.0747920554680332,1.0958878423465281,0.7016978297508393,0.8371162238203873,1.1067022132405575,0.9632392329252693,Medium Vulnerable (zone3)
1500000US481677240001,0.5241248817407758,0.0,0.33650793650793653,0.9340659340659341,2.0,481677240001,0.880715006646305,0.0,0.3874527895759217,1.0564631610998196,3.634856810459813,1.1918975535563718,Medium to Low Vulnerable (zone2)
1500000US481677240002,0.3912310286677909,0.7128712871287128,0.7632850241545894,0.6394763343403826,1.7391304347826086,481677240002,0.6574063739714038,1.1063012891838961,0.8788408229511268,0.7232714147758198,3.1607450525737506,1.3053129906911995,Low Vulnerable (zone1)
1500000US481677241011,0.8098290598290598,0.5578512396694215,0.9259259259259259,0.9562841530054644,0.17073170731707318,481677241011,1.3607989825647573,0.865726473715704,1.0661043738331177,1.0815927894898507,0.3102926545514475,0.9369030548309754,Medium Vulnerable (zone3)
1500000US481677241012,0.5278745644599303,0.3941176470588235,0.7700348432055749,0.8366935483870968,0.38953488372093026,481677241012,0.8870157986063307,0.6116291522800185,0.8866125154929915,0.9463313870715059,0.7079517625023474,0.8079081231906388,Medium to High Vulnerable (zone4)
1500000US481677242001,0.6942604856512141,0.6069767441860465,0.6688741721854304,1.0,0.8301886792452831,481677242001,1.1666029405125393,0.9419640918661721,0.7701368549517649,1.131037031295101,1.5088084873606773,1.103709881197251,Medium to Low Vulnerable (zone2)
1500000US481677242002,0.3259361997226075,0.1343669250645995,0.7586705202312138,0.8541666666666666,0.5084337349397591,481677242002,0.5476879886937741,0.20852334089842892,0.8735277167100834,0.9660941308978988,0.9240419120566514,0.7039750178513673,High Vulnerable (zone5)
1500000US481677242003,0.44706911636045493,0.2543859649122807,0.719811320754717,0.861236802413273,0.5461346633416458,481677242003,0.7512340923007236,0.39478027241954583,0.8287855171824928,0.9740907162435938,0.9925606502377793,0.788290249676827,Medium to High Vulnerable (zone4)
1500000US481677243001,0.7068145800316957,0.5060240963855421,0.5052631578947369,0.9230769230769231,1.9036144578313252,481677243001,1.1876982551997988,0.7852961962379664,0.5817563235737772,1.0440341827339394,3.4596829882689786,1.411693589202892,Low Vulnerable (zone1)
1500000US481677243002,0.6753246753246753,0.3556701030927835,0.801948051948052,0.8237547892720306,0.0,481677243002,1.134784087986017,0.5519626062659345,0.9233571518302679,0.931697171373359,0.0,0.7083602034911156,High Vulnerable (zone5)
1500000US481677243003,0.6886792452830188,0.5849056603773585,0.8962264150943396,0.9724137931034482,0.17613636363636365,481677243003,1.1572244845009798,0.9077120902606863,1.0319085731629989,1.0998360097421327,0.3201152304666313,0.9033592776266858,Medium to High Vulnerable (zone4)
1500000US481677243004,0.6984615384615385,0.4877450980392157,0.8502564102564103,0.881638846737481,0.3315068493150685,481677243004,1.1736621937223426,0.7569291125853462,0.9789790440823253,0.9971661838883971,0.6024899644734759,0.9018452997503774,Medium to High Vulnerable (zone4)
1500000US481677243005,0.5903614457831325,0.21359223300970873,0.751004016064257,0.8677248677248677,0.4851063829787234,481677243005,0.9920158396596946,0.3314726893967931,0.8647005595957288,0.9814289583724686,0.8816461199838695,0.8102528334017111,Medium to High Vulnerable (zone4)
1500000US481677244001,0.6056511056511057,0.42482100238663484,0.8366093366093366,0.9004665629860031,0.32299741602067183,481677244001,1.0177078710082497,0.659277531720634,0.9632659027847438,1.018461028180192,0.5870246786918303,0.8491474024771299,Medium to High Vulnerable (zone4)
1500000US481677244002,0.661522633744856,0.5458937198067633,0.8559670781893004,0.9613003095975232,0.21554770318021202,481677244002,1.1115917810279299,0.8471696600547375,0.9855542655879489,1.0872662483502442,0.391742518441782,0.8846648946925285,Medium to High Vulnerable (zone4)
1500000US481677244003,0.39488320355951056,0.2983425414364641,0.660734149054505,0.8938461538461538,0.5724381625441696,481677244003,0.66354331832587,0.46299625776618863,0.7607644915477438,1.0109731002806979,1.0403653768453882,0.7877285089531777,Medium to High Vulnerable (zone4)
1500000US481677244004,0.5571177504393673,0.9172932330827067,0.8945518453427065,0.9806678383128296,0.04024767801857585,481677244004,0.9361546844548697,1.423542657197574,1.0299804857355739,1.1091716405319267,0.07314727327550707,0.9143993482390902,Medium to High Vulnerable (zone4)
1500000US481677245001,0.6442641946697567,0.2247191011235955,0.7986030267753201,0.9012178619756428,0.3404255319148936,481677245001,1.082591504921503,0.3487404188750734,0.9195057141856581,1.019310775159049,0.6186990315676277,0.7977694889417822,Medium to High Vulnerable (zone4)
1500000US481677246001,0.31866383881230115,0.37514792899408284,0.5715800636267232,0.7214411247803163,0.4874274661508704,481677246001,0.5354678525953269,0.5821901442439317,0.6581131262945223,0.8159766280257275,0.8858645224718307,0.695522454726268,High Vulnerable (zone5)
1500000US481677247001,0.2391559202813599,0.22762148337595908,0.716295427901524,0.6445672191528545,0.27823691460055094,481677247001,0.4018664544612759,0.353244610985864,0.8247373437338777,0.7290293940207834,0.505675671978569,0.5629106950360739,High Vulnerable (zone5)
1500000US481677247002,0.27784156142365096,0.42328042328042326,0.5614236509758898,0.7467741935483871,0.6808510638297872,481677247002,0.46687200157933934,0.6568867149181277,0.6464191066690541,0.844629266918761,1.2373980631352555,0.7704410306441075,Medium to High Vulnerable (zone4)
1500000US481677248001,0.4579646017699115,0.5216400911161732,0.9579646017699115,0.8475689881734559,0.05471698113207547,481677248001,0.769542357828843,0.8095305782565914,1.1029934720781398,0.9586319122014981,0.09944419575786281,0.7480285032245869,High Vulnerable (zone5)
1500000US481677248002,0.19238900634249473,0.4694835680751174,0.7188160676532769,0.7586206896551724,0.3798449612403101,481677248002,0.3232815134378769,0.7285891380253882,0.8276395900032153,0.8580280927066283,0.6903410221415924,0.6855758712629403,High Vulnerable (zone5)
1500000US481677249001,0.533203125,0.6887755102040817,0.720703125,0.9142857142857143,0.6781609195402298,481677249001,0.8959696632194284,1.0689071767306142,0.8298123341015119,1.034091000041235,1.2325089184892468,1.0122578185164073,Medium Vulnerable (zone3)
1500000US481677249002,0.5202156334231806,0.4775641025641026,0.8418803418803419,0.8722222222222222,0.34169278996865204,481677249002,0.8741460880966305,0.7411292779971713,0.9693348999005733,0.9865156328518381,0.6210021823512847,0.8384256162394997,Medium to High Vulnerable (zone4)
1500000US481677249003,0.42410714285714285,0.44148936170212766,0.8392857142857143,0.8707692307692307,0.32558139534883723,481677249003,0.7126498629479493,0.6851450729335551,0.9663474645673047,0.9848722457123494,0.5917208761213649,0.7881471044565047,Medium to High Vulnerable (zone4)
1500000US481677250001,0.3014218009478673,0.47029702970297027,0.8899803536345776,0.8581979320531757,0.1709741550695825,481677250001,0.506495136318367,0.7298515449477093,1.0247169034461976,0.9706536413330187,0.3107332859836421,0.7084901024057869,High Vulnerable (zone5)
1500000US481677250002,0.4450402144772118,0.34328358208955223,0.7989276139410187,0.7062706270627063,0.37593984962406013,481677250002,0.7478248202019627,0.5327400279382651,0.9198794414864628,0.7988182333239326,0.6832437613646265,0.7365012568630499,High Vulnerable (zone5)
1500000US481677250003,0.4225721784776903,0.6721311475409836,0.8162729658792651,0.7877697841726619,0.3445378151260504,481677250003,0.7100705803938346,1.0430768757992974,0.9398507534988652,0.8909967980346299,0.6261728118859342,0.8420335639225123,Medium to High Vulnerable (zone4)
1500000US481677251001,0.18952234206471494,0.35826771653543305,0.6702619414483821,0.821256038647343,0.3241106719367589,481677251001,0.31846450448368985,0.5559938292262243,0.771734722383357,0.9288709918848655,0.5890479416160171,0.6328223979188308,High Vulnerable (zone5)
1500000US481677251002,0.14710743801652892,0.5793650793650794,0.8380165289256198,0.6234817813765182,0.13029315960912052,481677251002,0.24719247790744356,0.8991136910441874,0.9648861337786149,0.7051809830746784,0.2367984892807696,0.6106343550171387,High Vulnerable (zone5)
1500000US481677251003,0.25365853658536586,0.4337748344370861,0.7837398373983739,0.8315334773218143,0.24817518248175183,481677251003,0.426235974511821,0.6731729376927948,0.902392346085476,0.940495155612557,0.45104062611545126,0.67866740800362,High Vulnerable (zone5)
1500000US481677252001,0.3268156424581006,0.22424242424242424,0.861731843575419,0.7984496124031008,0.343980343980344,481677252001,0.5491657632502163,0.34800066647139904,0.9921917745075928,0.9030760792511271,0.6251596479906313,0.6835187862941934,High Vulnerable (zone5)
1500000US481677252002,0.07465900933237617,0.24896265560165975,0.6173725771715721,0.5850066934404283,0.525,481677252002,0.1254535172647858,0.3863638665545419,0.7108382931918161,0.6616642338366253,0.954149912745701,0.567693964718694,High Vulnerable (zone5)
1500000US481677253001,0.39785905441570024,0.7874186550976139,0.8777876895628902,0.9622093023255814,0.1864406779661017,481677253001,0.6685437993140704,1.2219909666591102,1.0106783587510535,1.0882943527868558,0.3388425840259148,0.8656700123074008,Medium to High Vulnerable (zone4)
1500000US481677253002,0.6688144329896907,0.7329700272479565,0.9252577319587629,0.8769470404984424,0.0821917808219178,481677253002,1.123844580397135,1.1374924207477022,1.0653350201612795,0.991859577288383,0.14937767714218408,0.8935818551473368,Medium to High Vulnerable (zone4)
1500000US481677254001,0.4850597609561753,0.6258351893095768,0.8844621513944223,0.8495460440985733,0.1533980582524272,481677254001,0.8150717996358345,0.971230415996293,1.0183632855387583,0.9608680356657472,0.2787899883750731,0.8088647050423413,Medium to High Vulnerable (zone4)
1500000US481677254002,0.20182094081942337,0.4427860696517413,0.9878603945371776,0.9509803921568627,0.17665615141955837,481677254002,0.339130496237446,0.6871574273406608,1.137415270340802,1.0755940395649488,0.3210599075485009,0.7120714282064717,High Vulnerable (zone5)
1500000US481677254003,0.5104321907600596,0.527306967984934,0.6751117734724292,0.845223700120919,0.4682080924855491,481677254003,0.8577064473349545,0.8183249753641082,0.7773187836872051,0.9559793045650249,0.8509346868417481,0.8520528395586082,Medium to High Vulnerable (zone4)
1500000US481677254004,0.6423611111111112,0.5604113110539846,0.7766203703703703,0.7760778859527121,0.4598337950138504,481677254004,1.079393652067362,0.8696994353488656,0.8941950435525275,0.8777728281817334,0.8357150007428379,0.9113551919786653,Medium to High Vulnerable (zone4)
1500000US481677255001,0.911504424778761,0.7689075630252101,0.9668141592920354,0.9578947368421052,0.14468085106382977,481677255001,1.531649523794605,1.1932636979450255,1.1131827882174299,1.0834144194510966,0.26294708841624176,1.0368915035648798,Medium Vulnerable (zone3)
1500000US481677255002,0.6779661016949152,0.8432055749128919,0.864406779661017,0.921443736730361,0.06859205776173286,481677255002,1.139222617665232,1.3085664009984896,0.9952716764530192,1.042186988496972,0.12466115414934378,0.9219817675526112,Medium to High Vulnerable (zone4)
1500000US481677256001,0.5854341736694678,0.19822485207100593,0.8585434173669468,0.9487179487179487,0.30945558739255014,481677256001,0.9837362814026596,0.3076241298449797,0.9885206437709767,1.0730351322543266,0.5624133746843264,0.7830659123914538,Medium to High Vulnerable (zone4)
1500000US481677256002,0.5982996811902231,0.14860681114551083,0.8671625929861849,0.9063324538258575,0.27631578947368424,481677256002,1.0053548802068548,0.23062214697125596,0.9984446998636026,1.025095567941602,0.5021841646030005,0.7523402919172633,High Vulnerable (zone5)
1500000US481677256003,0.4749082007343941,0.09510869565217392,0.8335373317013464,0.9276248725790011,0.4903581267217631,481677256003,0.7980135912971998,0.14759869630378447,0.959728818686391,1.0491780820372496,0.8911907882394584,0.7691419953128167,Medium to High Vulnerable (zone4)
1500000US481677256004,0.28793774319066145,0.11946050096339114,0.7440758293838863,0.8558322411533421,0.48138297872340424,481677256004,0.48383715454536996,0.18539013789524617,0.8567234958632391,0.967977957320709,0.8748790993260986,0.6737615689901325,High Vulnerable (zone5)
1500000US481677257001,0.6751849361129791,0.846830985915493,0.9802721088435374,0.9454191033138402,0.04040404040404041,481677257001,1.1345492767319718,1.3141926577132939,1.1286781734074862,1.0693040159417622,0.07343145071635987,0.9440311149021747,Medium Vulnerable (zone3)
1500000US481677257002,0.5551515151515152,0.8172043010752689,1.0,0.940406976744186,0.035196687370600416,481677257002,0.9328507143803001,1.2682151576725789,1.1513927237397672,1.0636351151859453,0.06396745939732591,0.8960122340751836,Medium to High Vulnerable (zone4)
1500000US481677258001,0.3969631236442516,0.28051391862955033,0.8318872017353579,0.8927250308261405,0.37971698113207547,481677258001,0.667038319030993,0.4353281096000515,0.957828871050327,1.0097050686284255,0.6901084274575825,0.7520017591534759,High Vulnerable (zone5)
1500000US481677258002,0.45210084033613446,0.49032258064516127,0.8285714285714285,0.8578088578088578,0.10728744939271255,481677258002,0.7596891665951638,0.7609290946035473,0.9540111139558071,0.970213583954772,0.19498725805098188,0.7279660434320544,High Vulnerable (zone5)
1500000US481677258003,0.4505718954248366,0.422680412371134,0.8047385620915033,0.8637892376681614,0.2783018867924528,481677258003,0.7571199988745947,0.6559555610696612,0.9265701249049598,0.9769776150368557,0.5057937542856815,0.7644834108343506,High Vulnerable (zone5)
1500000US481677259001,0.49404117009750814,0.40575916230366493,0.9729144095341279,0.9321428571428572,0.033482142857142856,481677259001,0.8301637406734942,0.6296955599975966,1.120206571959167,1.0542880898857905,0.06085139749653705,0.7390410720025171,High Vulnerable (zone5)
1500000US481677259002,0.6750924784217016,0.09544950055493896,0.9146341463414634,0.9207082371054658,0.18219895287958116,481677259002,1.1343939151396782,0.14812758968200956,1.0531031009814944,1.041355111184712,0.33113355236649605,0.741622653870878,High Vulnerable (zone5)
1500000US481677260001,0.7841561423650976,0.9416445623342176,0.983926521239954,0.918552036199095,0.08837209302325581,481677260001,1.3176594094160694,1.4613333599944225,1.1328858372502646,1.0389163681126945,0.16060995209008477,1.0222809853727073,Medium Vulnerable (zone3)
1500000US481677260002,0.8192771084337349,0.9036697247706422,0.9879518072289156,0.8855721393034826,0.05,481677260002,1.3766750427930454,1.4024004046185006,1.1375205222489266,1.0016148834354626,0.09087142026149533,1.0018164546714863,Medium Vulnerable (zone3)
1500000US481677261011,0.881488736532811,0.8930936613055819,0.951028403525955,0.9736688121708601,0.0913884007029877,481677261011,1.4812125611661076,1.385987466045798,1.0950071838896318,1.1012554827823569,0.16609187534614261,1.0459109138460074,Medium Vulnerable (zone3)
1500000US481677261021,0.9194711538461539,1.0,0.9447115384615384,0.9363867684478372,0.13028169014084506,481677261021,1.545036443759623,1.5518948639940766,1.0877339914176167,1.059088110729255,0.2367776443433329,1.0961062108487807,Medium to Low Vulnerable (zone2)
1500000US481677262001,0.26356589147286824,0.4279835390946502,0.9651162790697675,0.7956656346749226,0.0,481677262001,0.44288383159621236,0.6641854561949958,1.111227861283729,0.8999272973462568,0.0,0.6236448892842388,High Vulnerable (zone5)
1500000US481677262002,0.33669262482821805,0.6666666666666666,0.8065257352941176,0.7778528021607022,0.42213642213642216,481677262002,0.5657625837729362,1.0345965759960511,0.9286278631265127,0.8797803241404161,0.7672027244728564,0.8351940143017546,Medium to High Vulnerable (zone4)
